url,name,address,city,state,phone
https://www.nokaccounting.com/,Results,"îƒˆ3210 27th St W Ste 202, Williston, ND 58801",Williston,ND,î‚°(701) 609-5028
http://www.hmrcpas.com/,Results,"îƒˆ35 9th St W, Grafton, ND 58237",Grafton,ND,î‚°(701) 352-2285
http://evergreentaxprep.com/,Results,"îƒˆ3203 32nd Ave S Ste. 105, Fargo, ND 58103",Fargo,ND,î‚°(701) 552-9606
http://www.hetcpa.com/,Results,"îƒˆ620 Main Ave, Washburn, ND 58577",Washburn,ND,î‚°(888) 602-3020
http://ptacekfinancial.com/,Results,"îƒˆ420 Main Ave, Oakes, ND 58474",Oakes,ND,î‚°(701) 742-2179
http://www.hr-pc.com/,Results,"îƒˆ125 2nd Ave W, Dickinson, ND 58601",Dickinson,ND,î‚°(701) 483-1122
http://www.nehringcpa.com/,Results,"îƒˆ716 2nd St W, Williston, ND 58801",Williston,ND,î‚°(701) 577-4622
https://www.craighansoncpa.com/,Results,"îƒˆ905 James Ave NE, Jamestown, ND 58401",Jamestown,ND,î‚°(701) 252-6190
https://clarkeandassociatescpa.com/,Results,"îƒˆ1502 13th Ave W, Williston, ND 58801",Williston,ND,î‚°(701) 572-5554
https://splinternetmarketing.com/local-pros/nd/crosby-1/rosemary-l-tanberg-cpa/,Results,"îƒˆ206 Main St NW #809, Crosby, ND 58730",Crosby,ND,î‚°(701) 965-6662
https://www.balancecpa.com/,Results,"îƒˆ4809 38th St S Ste 101, Fargo, ND 58104",Fargo,ND,î‚°(701) 365-0319
http://www.strandcpa.com/,Results,"îƒˆ521 Main St #3, Bottineau, ND 58318",Bottineau,ND,î‚°(701) 228-5173
http://brewsterjohnson.com/,Results,"îƒˆ4166 31st Ave S ste 102, Fargo, ND 58104",Fargo,ND,î‚°(701) 356-4370
https://www.stepbystepaccounting.com/,Results,,Aneta,ND,î‚°(701) 404-1252
https://levorsentax.com/,Results,"îƒˆ211 N Main St, Elgin, ND 58533",Elgin,ND,î‚°(701) 584-2354
http://bfa-cpa.com/,Results,"îƒˆ1461 Broadway N #103, Fargo, ND 58102",Fargo,ND,î‚°(701) 293-7727
https://www.pointcpa.com/?utm_source=google&utm_medium=google_business_profile&utm_campaign=website_click,Results,"îƒˆ4585 Coleman St Ste 101, Bismarck, ND 58503",Bismarck,ND,î‚°(701) 751-3646
https://www.benznoreen.com/,Results,"îƒˆ14 N Main St, Bowman, ND 58623",Bowman,ND,î‚°(701) 523-5696
https://www.oncpas.com/,Results,"îƒˆ200 1st Ave N #20, Grand Forks, ND 58203",Grand Forks,ND,î‚°(701) 746-0437
http://www.storhaugcpa.com/,Results,"îƒˆ502 Main St, Lisbon, ND 58054",Lisbon,ND,î‚°(701) 683-5303
http://schauercpa.com/,Results,"îƒˆ111 9th St SW #203, Jamestown, ND 58401",Jamestown,ND,î‚°(701) 252-5422
https://www.s-hcpa.com/,Results,"îƒˆ1400 W Century Ave, Bismarck, ND 58503",Bismarck,ND,î‚°(701) 221-2655
http://www.colsoncpa.com/,Results,"îƒˆ210 Main St, Lisbon, ND 58054",Lisbon,ND,î‚°(701) 683-2700
https://bankforward.com/tax/,Results,"îƒˆ400 2nd Ave SW Ste 205, Jamestown, ND 58401",Jamestown,ND,î‚°(701) 252-2080
https://splinternetmarketing.com/local-pros/north-dakota/mayville/wanda-lee-tax-service/,Results,"îƒˆ18 Main St E, Mayville, ND 58257",Mayville,ND,î‚°(701) 213-4409
http://www.lfspro.com/,Results,"îƒˆ208 Main St, Lakota, ND 58344",Lakota,ND,î‚°(701) 247-2458
http://www.zimmermanlawnd.com/,Results,"îƒˆ289 Main Ave, Napoleon, ND 58561",Napoleon,ND,î‚°(701) 754-2570
http://www.statestreettax.com/,Results,"îƒˆ1674 15th St W #4, Dickinson, ND 58601",Dickinson,ND,î‚°(701) 483-3420
https://www.serhienkocpa.com/,Results,"îƒˆ1006 Park St, Bottineau, ND 58318",Bottineau,ND,î‚°(701) 228-3444
https://www.zimmermanlawnd.com/,Results,"îƒˆ289 Main Ave, Napoleon, ND 58561",Napoleon,ND,î‚°(701) 754-2570
http://www.accountingsolutionsnd.com/,Results,"îƒˆ1419 2nd Ave SW, Minot, ND 58701",Minot,ND,î‚°(701) 837-0348
http://www.cbaccountingnd.com/,Results,"îƒˆ15 Centennial St, Wishek, ND 58495",Wishek,ND,î‚°(701) 368-3815
https://www.thibnco.com/,Results,"îƒˆ4201 38th St S #101, Fargo, ND 58104",Fargo,ND,î‚°(701) 280-7076
https://www.steinkeandcompany.com/,Results,"îƒˆ2801 US-2 Suite 3, Rugby, ND 58368",Rugby,ND,î‚°(701) 885-7255
https://splinternetmarketing.com/local-pros/sd/onida/larson-tax-bookkeeping-services/,Results,"îƒˆ114 S Main St, Onida, SD 57564",Onida,SD,î‚°(605) 258-2424
https://www.bradymartz.com/,Results,"îƒˆ24 W Central Ave, Minot, ND 58701",Minot,ND,î‚°(701) 852-0196
http://www.merkelcpa.com/,Results,"îƒˆ101 Main St, Ellendale, ND 58436",Ellendale,ND,î‚°(701) 349-1040
http://kbacpas.com/,Results,"îƒˆ210 E Grand Crossing #2, Mobridge, SD 57601",Mobridge,SD,î‚°(605) 845-3658
https://www.jamestownaccountingfirms.com/about_us.html,Results,"îƒˆ905 James Ave NE, Jamestown, ND 58401",Jamestown,ND,î‚°(888) 906-4637
http://dahlcompanycpa.com/,Results,"îƒˆ3186 Sienna Dr S, Fargo, ND 58104",Fargo,ND,î‚°(701) 232-7951
https://www.eidebailly.com/locations/fargo,Results,"îƒˆ4310 17th Ave S, Fargo, ND 58103",Fargo,ND,î‚°(701) 239-8500
https://www.wr.cpa/,Results,"îƒˆ4220 31st Ave S, Fargo, ND 58104",Fargo,ND,î‚°(701) 237-6022
https://www.gmcavett.com/?utm_source=google&utm_medium=wix_google_business_profile&utm_campaign=1857440806620889860,Results,"îƒˆ3175 Sienna Dr S #102, Fargo, ND 58104",Fargo,ND,î‚°(701) 235-1124
http://www.ndcpas.org/,Results,"îƒˆ3100 S Columbia Rd #500, Grand Forks, ND 58201",Grand Forks,ND,î‚°(701) 775-7111
https://www.elitetaxandconsulting.com/,Results,"îƒˆ3217 Fiechtner Dr a1, Fargo, ND 58103",Fargo,ND,î‚°(701) 594-7000
http://www.fwtaxpro.com/,Results,"îƒˆ909 Page Dr Suite B, Fargo, ND 58103",Fargo,ND,î‚°(701) 541-7105
http://olsontaxservice.com/,Results,"îƒˆ214 Main St E, Mayville, ND 58257",Mayville,ND,î‚°(701) 341-0171
http://www.vctaxteam.com/,Results,"îƒˆ308 2nd St NE, Valley City, ND 58072",Valley City,ND,î‚°(701) 845-0073
https://www.dakotatax.com/,Results,"îƒˆ1050 31st Ave SW A, Minot, ND 58701",Minot,ND,î‚°(701) 839-4198
https://www.facebook.com/profile.php?id=100083152571428&is_tour_dismissed=true,Results,"îƒˆ301 3rd Ave NE, Bowman, ND 58623",Bowman,ND,î‚°(701) 523-7635
http://www.fritznelsoncpa.com/,Results,"îƒˆ1610 Mill Rd, Grand Forks, ND 58203",Grand Forks,ND,î‚°(701) 772-2921
https://www.taxes-advisor.com/,Results,"îƒˆ1220 Main Ave #225, Fargo, ND 58103",Fargo,ND,î‚°(218) 236-1546
